text,author
"
            Registered          ,
            Registered          ,
            Registered          ,
            Registered          ,
            Registered          ,
            Registered          ,
            Registered          ,
            Registered          ,
            Registered          ,
            Registered          ","
            Medium          ,
            Medium          ,
            Small          ,
            Medium          ,
            Medium          ,
            Medium          ,
            Large          ,
            Large          ,
            Medium          ,
            Large          "
